DataSrc_ID;Authors;Title;Jorunal;Year;Volume;Issue;Start_Page;Emd_Page
R001;Achilli, G., Cellerino, G. P., and Gamache, P. H.;Identification and determination of phenolic constituents in natural beverages and plant extracts by means of a coulometric electrode array system.;J. Chromatogr.;1993;632;1/2;111;117
R002;Adhikari, D. P., Francis, J. A., Schutzki, R. E., Chandra A., and Nair, M.;Quantification and characterization of cyclooxygenase and lipid peroxidation inhibitory anthocyanins in fruits of Amelanchier.;Phytochem. Anal;2005;16;;175;180
R003;Aligourchi, H., Barzegar, M., and Abbasi, S.;Anthocyanin characterization of 15 Iranian pomegranate (Puncia granatum) varieties and their variation after cold storage and pasteurization.;Eur Food Res Technol;2008;227;;881;887
R004;Amiot, M. J., Tacchini, M., Aubert, S. Y., and Oleszek, W. ;Influence of cultivar, maturity stage and storage conditions on phenolic composition and browning of pear fruits.;J. Agric. Food Chem.;1995;43;;1132;1137
R005;Ancos, B. de, Gonzalez, E., and Cano, M. P. ;Differentiation of raspberry varieties according to anthocyanin composition.;Z. Lebensm Unters Forsch A;1999;208;;33;38
R006;Andlauer, W., Stumpf, C., and Fürst, P. ;Influence of the acetification process on phenolic compounds.;J. Agric. Food Chem.;2000;48;;3533;3536
R007;Andlauer, W., Stumpf, C., Hubert, M., Rings, A., and Furst, P. ;Influence of cooking process on phenolic marker compounds of vegetables.;Int. J. Vitam. Nutr. Res.;2003;73;2;152;159
R008;Andres-Laceuva, C., Monogas, M., Khan, N., Izquierdo-Pulido, M., Urpi-Sarda, M., Permanyer, J., and Lamuela-Raventos, R. M.;Flavanol and flavonol contents of cocoa powder products: Influence of the manufacturing process.;J. Agric. Food Chem.;2008;56;;3111;3117
R009;Antonen, M. J. and Karjalainen, R. O.;High-performance liquid chromatography analysis of black currant (Ribes nigrum L.) fruit phenolics grown either conventionally or organically.;J. Agric. Food Chem.;2006;54;;7530;7538
R010;Antonen, M. J. and Karjalainen, R. O.;Environmental and genetic variation of phenolic compounds in red raspberry.;J. Food Comp. Anal.;2005;18;;759;769
R011;Arabbi, P. R., Genovese, M. I., and Lajolo, F. M. ;Flavonoids in vegetable foods commonly consumed in Brazil and estimated ingestion by the Brazilian population.;J. Agric. Food Chem.;2004;52;5;1124;1131
R012;Arai, Yusuke, Watanabe, S., Kimira, M., Shimoi, K., Mochizuki, R., and Kinae, N.;Dietary intakes of flavonols and isoflavones by Japanese women and inverse correlation between quercetin intake and plasma LDL cholesterol concentration;J. Nutr.;2000;130;;2243;2250
R013;Areias, F. M., Valentão, P., Andrade, P. B., Ferreres, F., and Seabra, R. M. ;Phenolic fingerprint of peppermint leaves.;Food Chem.;2001;73;;307;311
R014;Artajo, L.S., Romero, M. P., and Motilva, M. J.;Transfer of phenolic compounds during olive oil extraction in relation to ripening stage of the fruit.;J. Sci. Food Agric.;2006;86;;518;527
R015;Arts, I. C. W., van de Putte, B., and Hollman, P. C. H. ;Catechin content of foods commonly consumed in the Netherlands. 1. Fruits, vegetables, staple foods and processed foods.;J. Agric. Food Chem.;2000;48;;1746;1751
R016;Arts, I. C. W., van de Putte, B., and Hollman, P. C. H. ;Catechin content of foods commonly consumed in the Netherlands. 2. Tea, wine, fruit juices, and chocolate milk.;J. Agric. Food Chem.;2000;48;;1752;1757
R017;Ayerza, R. and Coates, W. ;Some quality components of four chia (Salvia hispanica L.) genotypes under tropical coastal desert ecosystem conditions.;Asian J. Plant Sci.;2009;8;;301;307
R018;Bahroun, T., Luximon-Ramma, A., Crozier, A., and Arouma, O. ;Total phenol, flavonoid, proanthocyanidin and vitamin C levels and antioxidant        activities of Mauritian vegetables;J. Sci. Food Agric.;2004;84;;1553;1561
R019;Baron, R., Mayen, M., Merida, J., and Medina, M. ;Changes in phenolic compounds and browning during biological aging of sherry- type wine.;J. Agric. Food Chem.;1997;45;5;1682;1685
R020;Belajová, E. and Suhaj, M. ;Determination of phenolic constituents in citrus juices: Method of high performance liquid chromatography.;Food Chemistry;2004;86;;339;343
R021;Berhow, M. A. ;Effects of early growth regulator treatment on flavonoid levels in grapefruit.;Plant Growth Regulation;2000;30;;225;232
R022;Berhow, M., Tisserat, B., Kanes, K., and Vandercook, C. ;Survey of phenolic compounds produced in citrus.;Technical Bulletin Number 1856, ARS, USDA, December 1998.;1998;;;;
R023;Bete!s-Saura, C., Andre!s-Lacueva, C., and Lamuela-Ravento!s, R. M. ; Phenolics in white free run juices and wines from Penede!s by high performance  liquid chromatography: Changes during vinification.;J. Agric. Food Chem.;1996;44;;3040;3046
R024;Bermudez-Soto, M. J., and Tomás-Barberan, F. A.;Evaluation of commercial red fruit juice concentrates as ingredients for antoxidant functional juices.;Eur. Food Res Technol.;2004;219;;133;141
R025;Bilyk, A., and  Sapers, G. M. ;Varietal differences in the quercetin, kaempferol, and myricetin contents of highbush blueberry, cranberry, and thornless blackberry fruits.;J. Agric. Food Chem.;1986;34;;585;588
R026;Bilyk, A., and  Sapers, G. M. ;Distribution of quercetin and kaempferol in lettuce, kale, chive, garlic chive, leek, horseradish, red radish, and red cabbage tissues.;J. Agric. Food Chem.;1985;33;;226;228
R027;Bilyk, A., Cooper, P. L., and Sapers, G. M. ;Vaietal differences in distribution of qercetin and kaempferol in onion (Allium cepa L.) Tissue.;J. Agric. Food Chem;1984;32;;274;276
R028;Blekas, G., Vassilakis, C., Harizanis, C., Tsimidou, M., and Boskou, D. G.;Biophenols in table olives.;J. Agric. Food Chem.;2002;50;;3688;3692
R029;Brenes, M., Garcia, A., Garcia, P., and Garrido, A.;Rapid and complete extraction of phenols from olive oil and determination by means of a coulometric electrode array system.;J. Agric. Food Chem.;2000;48;;5178;5183
R030;Bolling, B. W., Dolinkowski. G., Blumberg, J. B., and Chen, C.-Y.;Polyphenol content and antioxidant activity of Calfornia almonds depend on cultivar and harvest year.;Food Chemistry;2010;122;;819;825
R031;Bonvehi, J. S. and Coll, F. ;Evaluation of bitterness and astringency of polyphenolic compounds in cocoa powder.;Food Chemistry;1997;60;3;365;370
R032;Bonvehí, J. S., Torrentó, M. S., and Lorente, E. C. ;Evaluation of polyphenolic and flavonoid compounds in honeybee-collected pollen produced in Spain.;J. Agric. Food Chem.;2001;49;;1848;1853
R033;Breitfellner, F., Solar, S., and Sontag, G. ;Radiation induced chemical changes of phenolic compounds in strawberries.;Radiat. Phys. Chem.;2003;67;;497;499
R034;Bronner, W. E., and Beecher, G. R. ;Method of determining the content of catechins in tea infusions by high-performance liquid chromatography.;J. Chromatogr. A;1998;805;;137;142
R035;Bronner, W. E., and Beecher, G. R. ;Extraction and measurement of prominent flavonoids in orange and grapefruit juice concentrates.;J. Chromatogr. A;1995;705;;247;256
R036;Buendía, B., Gil, M. I., Tudela, J. A., Gady, A. L., Medina, J. J., Soria, C., López, J. M., and Tomas-Barberán, F. A. ;PLC-MS analysis of proanthocyanidin oligomers and other phenolics in 15 strawberry cultivars.;J. Agric. Food Chem.;2010;58;;3916;3926
R037;Burda, S., Oleszek, W., and Lee, C. Y. ;Phenolic compounds and their changes in apples during maturation and cold storage.;J. Agric. Food Chem.;1990;38;;945;948
R038;Careri, M., Elviri, L. Mangia, A., and Musci, M. ;Spectrophotometric and coulometric detection in the high-performance liquid chromatography of flavonoids and optimization of sample treatment for the determination of quercetin in orange juice.;J. Chromatogr. A;2000;881;;449;460
R039;Carmona, M., Sánchez, A. M., Ferreres, F., Zalacain, A., Tomas-Barberán, F. A., and Alonso, G. L.;Identification of the flavonoid fraction in saffron spice by LC/DAD/MS/MS: Comparative study of samples from different geographical origins.;Food Chemistry;2007;100;;445;450
R040;Chamkha, M., Cathala, B., Cheynier, V., and Douillard, R. ;Phenolic composition of champagnes from chardonnay and pinot noir vintages.;J. Agric. Food Chem.;2003;51;;3179;3184
R041;Chang, Q., and Wong, Y-S. ;Identification of flavonoids in Hakmeitau beans (Vigna sinensis) by high-performance liquid chromatography-electron-spray mass spectrometry (LC-ESI/MS);J. Agric. Food Chem.;2004;52;;6694;6699
R042;Chaovanalikit, A., and Wrolstad, R. E. ;Anthocyanin and polyphenolic composition of fresh and processed cherries.;J. Food Sci.;2004;69;1;73;83
R043;Charron, C. S., Clevidence, B. A., Britz, S. J., and Novotny, J. A. ;Effect of dose size on bioavailability of acylated and nonacylated anthocyanins from red cabbage (Brassica oleracea L. var. Capitata).;J. Agric. Food Chem.;2007;55;;5354;5362
R044;Chen, H., Zuo, Y., and Deng, Y. ;Separation and determination of flavonoids and other phenolic compounds in cranberry juice by high-performance liquid chromatography.;J. Chromatgr. A;2001;913;;387;395
R045;Cho, M. J., Howard, L. R., Prior, R. L., and Clark, J. R. ;Flavonol glycosides and antioxidant capacity of various blackberry and blueberry genotypes determined by high-performance liquid chromatography/mass spectrometry.;J. Sci. Food Agric.;2005;85;;2149;2158
R046;Chu, Y-H., Chang, C-L., and Hsu, H-F. ;Flavonoid content of several vegetables and their antioxidant activity.;J. Sci. Food Agric.;2000;80;;561;566
R047;Chun, O. K., Smith, N., Sakagawa, A., and Lee, C. Y. ;Antioxidant properties of raw and processed cabbages.;Int. J. Food Sci. Nutr.;2004;55;;191;199
R048;Chun, O. K., Kim, D-O., Moon, H. Y., Kang, H. G., and Lee, C. Y. ;Contribution of individual polyphenolics to total antioxidant capacity of plums.;J. Agric. Food Chem.;2003;51;;7240;7245
R049;Cortacero-RamRrez, S., Segura-Carretero, A., Cruces-Blanco, C., Romer-Romero, M. L., and Fern<ndez-GutiJrrez, A. ;Simultaneous determinationof multiple constituents in real beer samples of different origins by capillary zone electrophoresis.;Anal. Bioannl. Chem.;2004;380;;831;837
R050;Crozier, A., Jensen, E., Lean, M. E. J., and McDonald, M. S. ;Quantitative analysis of flavonoids by reversed-phase high-performance liquid chromatography.;J. Chromatogr. A;1997;761;;315;321
R051;Crozier, A., Lean, M. E. J., McDonald, M. S., and Black, C. ;Quantitative analysis of the flavonoid content of commercial tomatoes, onions, lettuce, and celery.;J. Agric. Food Chem.;1997;45;;590;595
R052;Dani, C., Vanderlinde, O. R., Bonatto, D., Salvador, M., and Henriques, J. A. P. ;Phenolic content and antioxidant activities of white and purple juices manufactures with organically – or conventionally-produced grapes.;Food Chem. Toxicol.;2007;45;;2574;2580
R053;da Silva, F. L., Escribano-Bailón, M. T., Pérez-Alonso, J. J., Ricas-Gonzalo, J. C., and Santos-Buelga, C. ;Anthocyanin pigments in strawberry.;LWT;2007;40;;374;382
R054;de Brito, E. S., de Araújo, M. C. P., Alves, R. E., Carkeet, C., Clevidence, B. A., and Novotny, J. A. ;Anthocyanins present in selected tropical fruits: Acerola, Jambolão, Jussara, and Guajiru.;J. Agric. Food Chem.;2007;55;;9389;9394
R055;de Brito, E. S., de Araújo, M. C. P., Lin, L-Z., and Harnly, J. ;Determination of the flavonoid component of cashew apple (Anacardium occidentale) by LC-DAD-ESI/MS.;Food Chemistry;2007;105;;1112;1118
R056;de Freitas, V.A.P., Glories, Y., and Monique, A. ;Developmental changes of procyanidins in grapes of red Vitis vinifera varieties and their composition in respective wines;Am. J. Enol. Vitic.;2000;51;4;397;403
R057;De la Torre-Carbot, K., Jauregui, O., Gimeno, E., Castellote, A. J., Lamuela-Raventós, R. M., and López-Sabater, M. C.;Charaterization and quantification of phenolic compounds in olive oil by solid-phase extraction, HPLC_DAD, and HPLC-MS/MS.;J. Agric. Food Chem.;2005;53;;4331;4340
R058;de Pascual-Teresa, S., Santos-Buelga, C., & Rivas-Gonzalo, J.C. ;Quantitative analysis of flavan-3-ols in Spanish foodstuffs and beverages.;J. Agric. Food Chem.;2000;48;;5331;5337
R059;del Caro, A., Piga, A., Vacca, V., and Agabbio, M. ;Changes of flavonoids, vitamin C, and antioxidant capacity in minimally processed citrus segments and juices during storage.;Food Chemistry;2004;84;;99;105
R060;del Mar Verde MJndez, C., Foster, M.P., Rodríguez-Delgado, M.Á., Rodríguez-Rodríguez, E.M., and Romero, C.D.;Content of free phenolic compounds in bananas from Tenerife (Canary Islands) and Ecuador.;Eur. Food Res. Technol;2003;21;;287;290
R061;Dhuique-Mayer, C., Caris-Veyrat, C., Ollitrault, P., Curk, F., and Amiot, M-J.;Varietal and interspecific influence on micronutrient contents in citrus from the Mediterranean area.;J. Agric. Food Chem.;2005;53;;2140;2145
R062;Dietrych-Szostak, D., and Oleszek, W. ;Effect of processing on the flavonoid content in buckwheat (Fagopyrum esculentum Möench) grain.;J. Agric. Food Chem.;1999;47;;4384;4387
R063;Dinelli, G., Bonetti, A., Minelli, M., Marotti, I., Catizone, P., and Mazzanti, A. ;Content of flavavonols in Italian bean (Phaseolus vulgaris L.) ecotypes.;Food Chemistry;2006;99;;105;114
R064;Ding, Z., Kuhr, S., and Engelhardt, U. H. ;Influence of catechins and theaflavins on the astrigent taste of black tea brews.;Z Lebensm Unters Forsch;1992;195;;108;111
R065;Dougherty, M. H., and Fisher, J. F. ;Quality of commercial, canned, single-strength grapefruit juice produced in Florida during the 1975-76 and 1976-77 citrus season.;Proc. Fla. State Hort. Soc.;1977;90;;168;170
R066;Dragovic-Uzelac, V., Delonga, K., Levaj, B., Djakovic. S., and Pospisil, J. ;Phenolic profiles of raw apricots, pumpkins, and their purees in the evaluation of apricot nectar and jam authenticity.;J. Agric. Food Chem.;2005;53;;4836;4842
R067;Dragovic-Uzelac, V., Pospisil, J., Levaj, B., and Delonga, K. ;The study of phenolic profiles of raw apricots and apples and their purees by HPLC for the evaluation of apricot nectars and jams authenticity.;Food Chemistry;2005;91;;373;383
R068;Dragovic-Uzelac, V., Levaj, B., Mrkic, V., Bursac, D., Boras, M. ;The content of polyphenols and carotenoids in three apricot cultivars depending on stage of maturity and geographical region.;Food Chemistry;2007;102;;966;975
R069;Dueñas, M., Pérez-Alonso, J. J., Santos-Buelga, C., and Escribano-Bailón, T. ;Anthocyanin composition in fig (Ficus carica L.).;J. Food Comp. Anal.;2008;21;;107;115
R070;Dugo, P., Favoino, O., Presti, M.L.,Luppino, R., Dogo, G., and Mondello, L. ;Determination of anthocyanins and related components in red wines by micro- and capillary HPLC.;J. Sep. Sci.;2004;27;;1458;1466
R071;Dugo, G., Saitta, M., Guifrida, F., Vilasi, F., and La Torre, G. L. ;Determination of resveratrol and othe phenolic compounds in experimental wines from grapes subjected to different pesticide treatments;Ital. J. Food Sci.;2004;16;;305;321
R072;DuPont, M.S., Mondin, Z., Williamson, G., & Price, K.R. ;Effect of variety, processing, and storage on the flavonoid glycoside content and composition of lettuce and endive.;J. Agric. Food Chem.;2000;48;9;3957;3964
R073;Dykes, l., Seitz, L. M., Rooney, W. L., and Rooney, L. W. ;Flavonoid composition of red sorghum genotypes.;Food Chemistry;2009;116;;313;317
R074;Escribano-Bailón, M. T., Alcalde-Eon, C., Muñoz, O., Rivas-Gonzalo, J., and Santos-Buelga, C.;Anthocyanins in berries of maqui (Aristotelia chlensis (Mol.) Stuntz).;Phytochem. Anal.;2006;17;;8;14
R075;Espinosa-Alonso, L. G., Lygin, A., Widholm, J.M., Valverde, M. E., and Paredes-Lopez, O. ;Polyphenols in wild and weedy Mexican commom beans (Phaseolus vulgaris L.).;J. Agric. Food Chem.;2006;54;;4436;4444
R076;Ewald, C., Fjelkner-Modig, S., Johansson, K., Sjöholm, I., and Åkesson. B. ;Effect of processing on major flavonoids in processed onoins, green beans, and peas.;Food Chem.;1999;64;;231;235
R077;Fanasca, S., Rouphael, Y., Venneria, E., Azzini, E., Duazzo, A., and Maiani, G. ;Antioxidant properties of raw and cooked spears of green asparagus cultivars.;Int. J. Food Sci. Technol.;2009;44;;1017;1023
R078;Fan-Chiang H-J., and  Wrolstad, R. E. ;Anthocyanin pigment composition of blackberries.;Journal of Food Science;2005;70;3;C198;C202
R079;Fang, F., Li, J-M., Zhang, P., Tang, K., Wang, W., Pan, Q-H., and Huang, W-D.;Effects of grape veriety, harvest date, fermentation vessel and wine ageing on flavonoid concentration in res wines.;Food Res. Int.;2008;41;;53;60
R080;Fang, F., Li, J-M., Pan, Q-H., and Huang, W-D.;Determination of red wine flavonoids by HPLC and effect of aging.;Food Chemistry;2007;101;;428;433
R081;Fang, Z., Zhang, M., and Wang, L. ;HPLC-DAD-ESIMS analysis of phenolic compounds in bayberries (Myrica rubra Sieb. Et Zucc.);Food Chemistry;2007;100;;845;852
R082;Faudale, M., Viladomat, F., Bastida, J., Poli, F., and Codina, C. ;Antioxidant activity and phenolic composition of wild, edible, and medicinal fennel from different Mediterranean countries.;J. Agric. Food Chem.;2008;56;;1912;1920
R083;Ferracane, R., Pelligrini, N., Visconti, A., Graziani, G., Chiavaro, E., Miglio, and Fogliano, V. ;Effects of different cooking methods on antioxidant profile, antioxidant capacity, and physical characteristics of artichoke.;J. Agric. Food Chem.;2008;56;;8601;8608
R084;Ferreres, F., Gil, M. I., and Tomás-Barberán, F. A. ;Anthocyanins and flavonoids from shredded red onion and changes during storage in perforated films.;Food Res. Int.;1996;29;;389;395
R085;Franke, A.A., Custer, L.J., Arakaki, C., and Murphy, S.P.;Vitamin C and flavonoid levels of fruits and vegetables consumed in Hawaii.;J. Food Comp. Anal.;2004;17;;1;35
R086;Frankel, E. N., Waterhouse, A. l., and Teissedre, P. L. ;Principal phenolic phytochemicals in selected California wines and their antioxidant activity in inhibiting oxidation of human low-density lipoproteins.;J. Agric. Food Chem.;1995;43;;890;894
R087;Fuentes-Alventosa, J. M., Rodríguez, G., Cermeño, P., Jiménez. A., Guilén, R., Fernández-Bolaños, J., and Rodríguez-Arcos, R. ;Identification of flavonoid diglycosides in several genotypes of asparagus from Huétor-Tájar population variety;J. Agric. Food Chem.;2007;55;;10028;10035
R088;Fuleki, T. and Ricardo da Silva, J.M. ;Catechin and procyanidin composition of seeds from grape cultivars grown in Ontario.;J. Agric. Food Chem.;1997;45;;1156;1160
R089;Gamache, P., Ryan, E., and Acworth, I. N. ;Analysis of phenolic and flavonoid compounds in juice beverages using high-performance liquid chromatography with coulometric array detection.;J. Chromatogr.;1993;635;;143;150
R090;Gambelli, L., and Santorini, G.P. ;Polyphenols content in some Italian red wines of different geographical origins.;J. Food Comp. Anal.;2004;17;;613;618
R091;Gao, L., and Mazza, G. ;Characterization, quantitation, and distribution of anthocyanins and colorless phenolics in sweet cherries.;J. Agric. Food Chem;1995;43;;343;346
R092;Gao, L., and Mazza, G. ;Quantitation and distribution of simple and acylated anthocyanins and other phenoics in blueberries.;J. Food Sci.;1994;59;;1057;1059
R093;Garćia, A., Brenes, M., Romero, C., Garćia, P. and Garrido, A.;Study of phenolic compounds in virgin olive oil of the Picual variety. ;Phytochem. Anal.;1998;9;;274;277
R094;Garcia-Viguera, C., Zafrilla, P., and Tomas-Barberán, F.A.;The use of acetone as an extraction solvent for anthocyanins from strawberry fruit.;Phytochem. Anal.;1998;9;;274;277
R095;Gennaro, L., Leonardi, C., Esposito, F., Salucci, M., Maiani, G., Quaglia, G., and Fogliano, V. ;Flavonoid and carbohydrate contents in tropea red onions: Effects of homelike peeling and storage.;J. Agric. Food Chem.;2002;50;;1904;1910
R096;Ghiselli, A., Nardini, M., Baldi, A., and Scaccini, C. ;Antioxidant activity of different phenolic fractions separated from an Italian red wine.;J. Agric. Food Chem.;1998;46;2;361;367
R097;Gil, M. I., Ferreres, F., Ortiz, A., Subra, E., and Tomas-Barberan, F. A. ;Plant phenolic metabolites and floral origin of Rosemary honey.;J. Agric. Food Chem.;1995;43;;2833;2838
R098;Giuffrida, D., Salvo, F., Ziino, M., Toscano, G., and Dugo, G. ;Initial investigation on some chemical constituents of capers (Capparis Spinosa L.) from the island of Salina.;Ital. J. Food Sci.;2002;14;1;25;33
R099;Gliszczyńska-Świgł0, A., Kałuźewicz, A., Lemańska, K., Knaflewski, M., and Tyrakowska, B. ;The effect of solar radiation on the flavonol content in broccoli inflorescence.;Food Chemistry;2007;100;;241;245
R100;Goldberg, D.M., Karumanchiri, A., Tsang, E., and Soleas, G.J. ;Catechin and epicatechin concentrations of red wines: regional and cultivar-related differences.;Am. J. Enol. Vitic.;1998;49;1;23;34
R101;Goldberg, D.M., Tsang, E., Karumanchiri, A., Diamandis, E.P., Doleas, G., and Ng, E. ;Method to assay the concentrations of phenolic  constituents of biological interest in wines.;Anal. Chem.;1996;68;;1688;1694
R102;Gómez-Plaza, E., Gil-Muñoz, R., López-Roca , and J. M., Martínez, A. ;Color and phenolic compounds of a young red wine as discriminanting variables of its status.;Food Res. Int.;1999;32;;503;507
R103;Gonçalves, B., Landbo, A-K., Knudsen, D., Silva, A. P., Moutinho-Pereira, J., Rosa, E., and Meyer, A. ;Effect of ripeness and postharvest storage on the phenolic profiles of cherries (Prunus avium L.).;J. Agric. Food Chem.;2004;52;;523;530
R104;Grandi, R., Trifiro, A., Gherardi, S. Calza, M., and Saccani G. ;Characterization of lemon juice on the basis of flavonoid content.;Fruit Processing;1994;11;;355;359
R105;Gu, L., House, S. E., Wu, X., Ou, B., and Prior, R. ;Procyanidin and catechin contents and antioxidant capacity of cocoa and chocolate products.;J. Agric. Food Chem.;2006;54;;4057;4061
R106;Guillen, D.A., Barroso, C.G., Perez-Bustamante, J.A. ;Automation of sample preparation as a preliminary stage in the high-performance liquid chromatographic determination of polyphenolic compounds in sherry wines.;J. Chromatogr. A;1996;730;1/2;39;46
R107;Häkkinen, S. H., Kärenlampi, S. O., Mykkänen, H. M., and Törrönen, A. R. ;Influence of domestic processing and storage on flavonol contents in berries.;J. Agric. Food Chem.;2000;48;;2960;2965
R108;Häkkinen, S. H., Törrönen, A. R. ;Content of flavonols and selected phenolic acids in strawberries and Vaccinium species: influence of cultivar, cultivation site and technique.;Food Res. Int.;2000;33;;517;524
R109;Häkkinen, S. H., Kärenlampi, S. O., Heinonen, I. M., Mykkänen, H. M., and Törrönen, A. R. ;Content of flavonols quercetin, myricetin, and kaempferol in edible berries.;J. Agric. Food Chem.;1999;47;;2274;2279
R110;Harnly, J. M., Doherty, R., Beecher, G. R., Holden, J. M., Haytowitz, D. B., and Bhagwat, S., and Gebhardt S. ;Flavonoid content of U.S. fruits, vegetables, and nuts;J. Agric. Food Chem.;2006;54;;9966;9977
R111;Harnly, J. M., Doherty, R., Beecher, G. R., Holden, J. M., Haytowitz, D. B., and Bhagwat, S. ;Deternination of 20 prominent flavonoids (as aglycones) in oranges.;Unpublished;;;;;
R112;Hayashi, H., Hirako, N., Ikeshiro, Y., and Yamamoto, H. ;Organ specific localization of flavonoids in Glycyrrhiza glabra L.;Plant Sci.;1996;116;;233;238
R113;Hempel, J., and Böhm, H. ;Quality and quantity of prevailing flavonoid glycosides of yellow and green french beans (Phaseolus vulgaris L.).;J. Agric. Food Chem.;1996;44;;2114;2116
R114;Herrera, M.C., and de Castro, M.D.L.;Ultrasound-assisted extraction for the analysis of phenolic compounds in strawberries.;Anal. Bioanal. Chem.;2004;379;7-8;1106;1112
R115;Hertog, M. G. L., Hollman, P. C. H., and van de Putte, B. ;Content of potentially anticarcinogenic flavonoids of tea infusions, wines, and fruit juices.;J. Agric. Food Chem.;1993;41;;1242;1246
R116;Hertog, M. G. L., Hollman, P. C. H., and Katan, M. B. ;Content of potentially anticarcinogenic flavonoids of 28 vegetables and fruits commonly consumed in The Netherlands.;J. Agric. Food Chem.;1992;40;;2379;2383
R117;Hertog, M. G. L., Hollman, P. C. H., and Venema, D. P. ;Optimization of a quantitative HPLC determination of potentially anticarcinogenic flavonoids in vegetables and fruits.;J. Agric. Food Chem.;1992;40;;1591;1598
R118;Holtekjølen, A. K., Kinitz, C., and Knutsen, S. H. ;Flavanol and bound phenolic acid contents in different barley varieties.;J. Agric. Food Chem.;2006;54;;2253;2260
R119;Horbowicz, M. and Babik, I. ;Sulforaphane and flavonoid contents in chosen broccoli cultivars.;Veg.crops Res. Bull.;2005;62;;127;138
R120;Hosseinian, F. S. and Beta, T.;Saskatoon and wild blueberries have higher anthocyanin contents than other Manitoba berries.;J. Agric. Food Chem.;2007;55;;10832;10838
R121;Hosseinian, F. S., Li, W. and Beta, T. ;Measurement of anthocyanins and other phytochemicals in purple wheat.;Food Chemistry;2008;109;;916;924
R122;Howard, L. R., Talcott, S. T., Brenes, C. H., and Villalon, B. ;Changes in phytochemical and antioxidant activity of selected pepper cultivars (Capsicum species) as influenced by maturity;J. Agric. Food Chem.;2000;48;;1713;1720
R123;Huang, Z., Wang, B., Eaves, D. H., Shikany, J. M., and Pace, R. D.;Phenolic compound profile of selected vegetables frequently consumed by African Americans in the southeast United States.;Food Chemistry;2007;103;;1395;1402
R124;Huber, L. S., Hoffman-Ribani, R., and Rodriguez-Amaya, D. B. ;Quantitative variation in Brazilian vegetable sources of flavonols and flavones.;Food Chemistry;2009;113;;1278;1282
R125;Inocencio, C., Rivera, D., Alcaraz, F., and Tomás-Barberán, F. A. ;Flavonoid content of commercial capers (Capparis spinosa, C. sicula and C. orientalis) produced in Mediterranean countries.;Eur. Food Res. Technol;2000;212;;70;74
R126;Innocenti, M., Michelozzi, M., Giaccherini, C., Ieri, F., Vincieri. F. F., and Mulinacci, N.;Flavonoids and bioflavonoids in Tuscan berries of Juniperus communis L.: detection and quantitation by HPLC/DAD/ESI/MS.;J. Agric. Food Chem.;2007;55;;6596;6602
R127;Innocenti, M.,, Gallori, S., Giaccherini, C., Ieri, F., Vincieri. F. F., and Mulinacci, N. ;Evaluation of the phenolic content in the aerial parts of different varieties of Cichorium intybus L.;J. Agric. Food Chem.;2005;53;;6497;6502
R128;Iurlina, M. O., Saiz, A. I., Fritz, R., and Manrique, G. D. ;Major flavonoids of Argentinian honeys. Optimization of the extraction method and analysis of their content in relationship to the geographical source of honeys;Food Chemistry;2009;115;;1141;1149
R129;Iversen, C.K. ;Black currant nectar: Effect of processing and storage on anthocyanin and ascorbic acid content.;J. Food Sci.;1999;64;1;37;41
R130;Jakobek L., Šeruga, M., Medvidović-Kosanović, M., and Novak, I.;Anthocyanin content and antioxidant activity of various red fruit juices.;Deutsche Lebensmittel-Rundschau;2007;103;;58;64
R131;Jakobek L., Šeruga, M., Novak, I., and Medvidović-Kosanović, M.;Flavonols, phenolic acids and antioxidant activity of some red fruits.;Deutsche Lebensmittel-Rundschau;2007;103;;369;378
R132;Joedheim, M., Måge, F., and Anderson, Ø. M.;Anthocyanins in berries of Ribes including gooseberry cultivars with a high content of acylated pigments.;J. Agric. Food Chem.;2007;55;;5529;5535
R133;Justesen, U., and Knuthsen, P. ;Composition of flavonoids in fresh herbs and calculation of flavonoid intake by use of herbs in traditional Danish dishes.;Food Chem.;2001;73;;245;250
R134;Justesen, U., Knuthsen, P., and Leth, T.;Quantitative analysis of flavonols, flavones, and flavonones in fruits, vegetables and beverages by high-performance liquid chromatography with photo-diode array and mass spectrometric detection.;J. Chromatogr. A;1998;799;;101;110
R135;Kaack, K., and Austed, T.;Interaction of vitamin C and flavonoids in elderberry (Sambucus nigra L.) during juice processing.;Plant Foods Hum. Nutr.;1998;52;;187;198
R136;Kachouri, F., and Hamdi, M.;Use Lactobacillus planatrum in olive oil process and improvement of phenolic compounds content.;J. Food Engineering;2006;77;;746;752
R137;Kahkonen, M.P., Heinamaki, J., Ollilainen, V., and Heinonen, M. ;Berry anthocyanins: Isolation, identification, and antioxidant activities.;J. Sci. Food Agric.;2003;83;;1403;1411
R138;Karadeniz, F., Durst, R. W., and Wrolstad, R. E. ;Polyphenolic composuition of raisins.;J. Agric. Food Chem.;2000;48;;5343;5350
R139;Kelebek, H., Canbas, A., and Selli, S.;Determination of phenolic composition and antioxidant capacity of blood orange juices obtained from cvs. Moro and Sanguinello (Citrus sinensis (L.) Osbeck) grown in Turkey.;Food Chemistry;2008;107;;1710;1716
R140;Kenjerić, Mandić, M. L., Primorac, L., Čačić, F. ;Flavonoid pattern of sage (Salvia officinalis L.) unifloral honey.;Food Chemistry;2008;110;;187;192
R141;Kevers, C., Falkowski, M., Tabart, J., Defraigne, J-O., Dommes, J., and Pincemail, J. ;Evolution of antioxidant capacity during storage of selected fruits and vegetables;J. Agric. Food Chem.;2007;55;;8596;8603
R142;Khokhar, S. and Magnusdottir, S.G.M. ;Total phenol, catechin, and caffeine contents of teas commonly consumed in the United Kingdom.;J. Agric. Food Chem.;2002;50;;565;570
R143;Khokhar, S., Venema, D., Hollman, P.C.H., Dekker, M., and Jongen, W. ;A RP-HPLC method for the determination of tea catechins;Cancer Letters;1997;114;;171;172
R144;Kim, D-O., Heo, H. J., Kim, Y. J., Yang, H. S., and Lee, C. Y. ;Sweet and sour cherry phenolics and their protective effects on neuronal cells.;J. Agric. Food Chem.;2005;53;;9921;9927
R145;Kirakosyan, A., Seymour, E. M., Urcuyo Llanes, D. E., Kaufman, P. B., and Bolling, S. F. ;Chemical profile and antioxidant capacities of tart cherry products.;Food Chemistry;2009;115;;20;25
R146;Kosar, M., Kafkas, E., Paydas, S., and Base, H.C.;Phenolic compositin of strawberry genotype at different maturation stages.;J. Agric. Food. Chem;2004;52;;1586;1589
R147;Kreft, I., Fabjan,N., and Yasumoto, K.;Rutin content in buckwheat (Fagopyrum esculentum Moench) food materials and products;Food Chemistry;2006;98;;508;512
R148;Kreft, S., Knapp, M., and Kreft, I. ;Extraction of rutin from buckwheat (Fagopyrum esculentum Moench) seeds and determination by capillary electrophoresis.;J. Agric. Food Chem.;1999;47;;4649;4652
R149;Kuhr, S., and Engelhardt, U. H.;Determination of flavonols, theogallin, gallic acid and caffeine in tea using HPLC. ;Z Lebensm Unters Forsch;1991;192;;526;529
R150;Kuti, J.O.;Antioxidant compounds from four Opuntia cactus pear fruit varieties.Food Chemistry;Food Chemistry;2004;85;;527;533
R151;Kuti, J.O., Konuru, H.B.;Antioxidant capacity and phenolic content in leaf extracts of tree spinach (Cnidoscolus spp.);J. Agric. Food Chem.;2004;52;;117;121
R152;Lako, J., Trenerry, V. C., Wahlqvist, M., Wattanapenpaiboon, N., Sotheeswaran, S., Premier, R. ;Phytochemical flavonols, carotenoids and the antioxidant properties of a wide selection of Fijian fruit, vegetables and other readily available foods.;Food Chemistry;2007;101;;1727;1741
R153;Lamuela-Raventós, R. M., Andrés-Lacueva, Permanyer, J., and Izquierdo-Pulido, M.;More antioxidants in cocoa.;J. Nutr,;2001;131;;834;
R154;Lattanzio, V., and van Sumere, C.F. ;Changes in phenolic compounds during the development and cold storage of artichoke (Cynara scolymus L.) heads.;Food Chemistry;1987;24;;37;50
R155;Latti, A. K., Rihinen, K. R., and Kainulainen, P. S.;Analysis of anthocyanin variation in wild populations of bilberry (Vaccinium myrtillus L.) in Finland.;J. Agric. Food Chem.;2008;56;;190;196
R156;Le, K., Chiu, F., and Ng, K.;Identification and quantification of antioxidants in Fructus lycii.;Food Chemistry;2007;105;;353;363
R157;Lee, J., and Finn, C. E.;Anthocyanins and other polyphenolics in Americanelderberry (Sambucus Canadensis) and European elderberry (S. nigra) cultivars.;J. Sci. Food Agric.;2007;87;;2665;2675
R158;Lee, K.W., Kim, Y.J., Kim, D-O., Lee, H.J., and Lee, C.Y.;Major phenolics in apple and their contribution to the total antioxidant capacity;J. Agric. Food Chem.;2003;51;;6516;6520
R159;Lee, J., Durst, R.W., and Wrolstad, R.E. ;Impact of juice processing on blueberry anthocyanins and polyphenolics: comparison of two pretreatments.;J. Food Sci.;2002;67;5;1660;1667
R160;Lee, B-L., and Ong, C-N. ;Comparative analysis of tea catechins and theaflavins by high-performance liquid chromatography and capillary electrophoresis.;J. Chromatogr. A;2000;881;;439;447
R161;Lee, Y., Howard, L. R., and Villalón, B.;Flavonoids and antioxidant activity of fresh pepper (Capsicum annum) cultivars.;J. Food Sci.;1995;60;;473;476
R162;Lichtenthäler, R., Rodrigues, R. B., Maia, J. G. S., Papagiannopoulos, M., Fabricius, H., and Marx, F.;Total oxygen scavenging capacities of Euterpe oleracea Mart. (Açaí) fruits.;Int. J. Food Sci. Nutr.;2005;56;;53;64
R163;Lin, L-Z., Lu, S., and Harnly, J. M.;Detection and quantification of glycosylated flavonoid malonates in celery, Chinese celery, and clery seed by LCDAD-ESI/MS.;J. Agric. Food Chem.;2007;55;;1321;1326
R164;Lin, L-Z., Mukhopadhayay, S., Robbins, R. J., and Harnly, J. M. ;Identification and quantification of flavonoids of Mexican oregano (Lippia graveolens) by LC-DAD-ESI/MS analysis.;J. Food Comp. Anal.;2007;20;;361;369
R165;Lin J-K., Lin, C-L., Liang, Y-C., Lin-Shiau, S-Y., and Juan, I-M.;Survey of catechins, gallic acid, and methylxanthines in green, oolong, pu-erh, and black teas.;J. Agric. Food Chem.;1998;46;;3635;3642
R166;Lombard, K., Peffley, E., Geoffriau, E., Thompson, L., and Herring, A.;Quercetin in onion (Allium cepa L.) after heat-treatment simulating home preparation.;J. Food Comp. Anal.;2005;18;;571;581
R167;Lombardi-Boccia, G., Lucarini, M., Lanzi,S., Agizzi, A., and Cappelloni, M. ;Nutrients and antioxidant molecules in yellow plums (Prunus domestica L.) from conventional and organic productions: a comparative study.;J. Agric. Food Chem.;2004;52;;90;94
R168;Lopez, M., Martinez, F., Del Valle, C., Orte, C., and Miro, M.;Analysis of phenolic constituents of biological interest in red wines by high-performance liquid chromatography.;J. Chromat. A.;2001;922;;359;363
R169;Lugasi, A. and Hovari, J. ;Flavonoid aglycons in foods of plant origin II. Fresh and dried fruits.;Acta Alimentaria;2002;31;1;63;71
R170;Lugasi, A., and Hovari, J.;Flavonoid aglycons in foods of plant origin I. Vegetables;Acta Alimentaria;2000;29;;345;352
R171;Luo, X.-D., Basile, M.J., and Kennelly, E.J.;Polyphenolic antioxidants from the fruits of Chrysophyllum cainito L. (Star Apple).;J. Agric. Food Chem.;2002;50;6;1379;1382
R172;Määttä, K. R., Kamal-Eldin, A., and Torronen, A.R. ;Identification and classification of phenolic compounds in berries of Fragaria and Rubus species (family Rosaceae).;J. Agric. Food Chem.;2004;52;;6178;6187
R173;Määttä, K.R., Kamal-Eldin, A., and Torronen, A.R. ;High-Performance liquid chromatography (HPLC) analysis of phenolic compounds in berries with diode array and electrospray ionization mass spectrometric (MS) detection: Ribes species.;J. Agric. Food Chem.;2003;51;;6736;6744
R174;Makris, D.P. and Rossiter, J.T. ;Domestic processing of onion bulbs (Allium cepa) and asparagus spears (Asparagus officinalis): Effect on flavonol content and antioxidant status;J. Agric. Food Chem.;2001;49;7;3216;3222
R175;Marin, F.R., Martinez, M., Uribesalgo, T., Castillo, S., and Frutos, M.J.;Changes in nutraceutical composition of lemon juices according to different industrial extraction systems;Food Chemistry;2002;78;3;319;324
R176;Marini, D., and Balestrieri, F.;Multivariate analysis of flavanone glycosides in citrus juices.;Ital. J. Food sci.;1995;3;;255;264
R177;Marotti, M. and Piccaglia, R.;Characterization of flavonoids in different cultivars of onion (Allium cepa L.).;J. Food Sci.;2002;67;3;1229;1232
R178;Martínez-Sánchez, A., Gil-Izquierdo, A., Gil, M. I., and Ferreres, F.;A comparative study of flavonoid compounds, vitamin C, and antioxidant properties of baby leaf Brassicaceae species.;J. Agric. Food Chem.;2008;56;;2330;2340
R179;Mattila, P., Astola, J., and Kumpulainen, J.;Determination of flavonoids in plant material by HPLC with diode-array and electro-array detection.;J. Agric. Food Chem.;2000;48;;5834;5841
R180;McMurrough, I. and Madigan, D.;Semipreparative chromatographic procedure for the isolation of dimeric and trimeric proanthocyanidins from barley.;J. Agric. Food Chem.;1996;44;7;1731;1735
R181;Mertz, C., Cheynier, V., Günata, Z., and Brat, P.;Analysis of phenolic compounds in two blackberry species (Rubus glaucus and Rubus adenotrichus) by high-oerformance liquid chromatography with diode array detection and electrospray ion trap mass spectrometry.;J. Agric. Food Chem.;2007;55;;8616;8624
R182;Mikkonen, T., Määttä, K.R., Hukkanen, A. T., Kokko, H. I., Törrönen, T., Kärenlampi, S. O., and Karjalainen, R. O. ;Flavonol content varies among black currant cultivars.;J. Agric. Food Chem.;2001;49;;3274;3277
R183;Milbury, P. E., Chen, C-Y., Dolinikowski, G. G. and Blumberg, J. B. ;Determination of flovonoids and phenolics and their distribution in almonds.;J. Agric. Food Chem.;2006;54;;5027;5033
R184;Montefiori, M., McGhie, T. K., Costa, G., and Ferguson, A. R.;Pigments in the fruit of red-fleshed kiwifruit (Actinidia chinensis and Actinidia deliciosa).;J. Agric. Food Chem.;2005;53;;9526;9530
R185;Morelló, J-R., Romero, M-P., and Motilva, M-J.;Effect of the maturation process of the olive fruit on the phenolic fraction of drupes and oils from Arbequina, Farga, and Morrut cultivars.. J. Agric. Food Chem.;J. Agric. Food Chem.;2004;52;;6002;6009
R186;Mouly, P. P., Gaydou, E. M., Faure, R., and Estienne, J. M. ;Blood orange juice authentication using cinnamic acid derivatives.  Variety differentiations associated with flavanone glycoside content.;J. Agric. Food Chem.;1997;45;;373;377
R187;Mouly, P. P., Arzouyan, C. R., Gaydou, E. M., and Estienne, J. M. ;Differentiation of citrus juices by factorial discriminant analysis using liquid chromatography of flavanone glycosides;J. Agric. Food Chem.;1994;42;;70;79
R188;Mouly, P., Gaydou, E. M., and Estienne, J.;Column liquid chromatographic determination of flavanone glycosides in Citrus.;J. Chromatogr.;1993;634;;129;134
R189;Mullen, W., Marks, S., and Crozier, A.;Evaluation of phenolic compounds in commercial fruit juices and fruit drinks.;J. Agric. Food Chem.;2007;55;;3148;3157
R190;Mullen, W., Stewart, A.J., Lean, M.E.J., Gardner, P., Duthie, G.G., and Crozier, A.;Effect of freezing and storage on the phenolics, ellagitannins, flavonoids, and antioxidant capacity of red raspberries.;J. Agric. Food Chem.;2002;50;;5197;5201
R191;Netzel, M., Netzel, G., Tian, Q., Schwartz, S., and Konzak, I.;Sources of antioxidant activity in Australian native fruits. Identification and quantification of anthocyanins.;J. Agric. Food Chem.;2006;54;;9820;9826
R192;Nicolle, C., Carnat, A., Fraisse, D., Lamison, J-L., Rock, E., Michel, H., Amouroux, P., and Remesy, C. ;Characterization and variation of antioxidant micronutrients in lettuce (Lactuca sativa folium).;J. Sci. Food Agric.;2004;84;;2061;2069
R193;Nogata, Y., Ohta, H., Yoza, K-I., Berhow, M., and Hasegawa, S. ;High-performance liquid chromatographic determination of naturally occurring flavonoids in citrus with a photodiode-array detector;J. Chromatogr. A;1994;667;;59;66
R194;Nuutila, A.M., Kammiovirta, K., and Oksman-Caldentey, K.-M. ;Comparison of methods for the hydrolysis of flavonoids and phenolic acids from onion and spinach for HPLC analysis.;Food Chem.;2002;76;4;519;525
R195;Nyman, N. A. and Kumpulainen, J. T.;Determination of anthocyanins in berries and red wine by high-performance liquid chromatography.;J. Agric. Food Chem.;2001;49;;4183;4187
R196;Ollanketo, M., and Riekkola, M-L.;Column-switching technique for selective determination of flavonoids in Finnish berry wines by high-performance liquid chromatography with diode array detection.;J. Liq. Chrom. & Rel. Technol.;2000;23;;1339;1351
R197;Olsen, H., Aaby, K., and Borge, G. I.;Characterization and quantification of flavonoids and hydroxycinnamic acids in culry kale (Brassica oleracea L. convar. Acephala var. sabellica) by HPLC-DAD-ESI-MS.;J. Agric. Food Chem.;2009;57;;2816;2825
R198;Ooghe, W. C., and Detavernier, C. M.;Detection of the addition of citrus reticulata and hybrids to citrus sinensis by flavonoids.;J. Agric. Food Chem.;1997;45;;1633;1637
R199;Oomah, D. B., and Mazza, G.;Flavonoids and antioxidative activities in buckwheat.;J. Agric. Food Chem.;1996;44;;1746;1750
R200;Oszmianski, J., and Lee, C. Y. ;Isolation and HPLC determination of phenolic compounds in red grapes.;Am. J. Enol. Vitic.;1990;41;;204;206
R201;Ozga, J. A., Saeed, A., Wismer, W., and Reinecke, D. M.;Characterization of cyaniding- and quercetin-derived flovonoids and other phenolcs in mature Saskatoon fruits (Amelanchier alnifolia Nutt.).;J. Agric. Food Chem.;2007;55;;10414;10424
R202;Palimino, O., Gómez_Serranillos, M. P., Carretero, S. E., and Villar, A. ;Study of polyphenols in grape berries by reversed-phase high-performance liquid chromatography.;J. Chromatogr. A;2000;870;;449;451
R203;Pallau, K., Rivas-Gonzalo, J. C., del Castillo, M. D., Cano, M. P., and de Pascual-Tertesa, S.;Characterization of the antioxidant composition of strawberry tree (Arbutus unedo L.) fruits.;J. Food Comp. Anal.;2008;21;;273;281
R204;Papagiannopoulos, M., Wollseifen, H.R., Mellenthin, A., Haber, B., and Galensa, R. ;Identification and quantification of polyphenols in carob fruits (Ceratonia siliqua L.) and derived products by HPLC-UV-ESI/MSn.;J. Agric. Food Chem.;2004;52;;3784;3791
R205;Patil, B. S., Pike, L. M., and Hamilton, B. K. ;Changes in quercetin concentration in onion (Allium cepa L.) owing to location, growth stage and soil type.;New Phytol.;1995;130;;340;355
R206;Patil, B. S., Pike, L. M., and Yoo, K. S.;Variation in the quercetin content in different colored onions (Allium cepa L.).;J. Amer. Soc. Hort. Sci.;1995;120;;909;913
R206a;Pei et al;Unpublished data;;2015;;;;
R207;Pérez-Gregorio, R. M., Garćia-Falćon, M. S., Simal-Gándara, J., Rodrigues, A. S., and Almeida, D. P. F.;Identification and quantification of flavonoids in traditional cultivars of red and white onions at harvest.;J. Food Comp. Anal.;2010;23;;592;598
R208;Pellegrini, N., Chiavaro, E., Gardana, C., Mazzeo, T., Contino, D., Gallo, M., Riso, P., Fogliano, V., and Porrini, M. ;Effect of different cooking methods on color, phytochemical concentration, and antioxidant capacity of raw and frozen Brassica vegetables.;J. Agric. Food Chem.;2010;58;;4310;4321
R209;Pinto, M. D. S., Lajolo, F. M., and Genovese, M. I.;Bioactive compounds and antioxidant capacity of strawberry jam.;Foods Hum Nutr;2007;62;;127;131
R210;Pinto, M. D. S., Lajolo, F. M., and Genovese, M. I.;Bioactive compounds and quantification of total ellagic acid in strawberries (Fragaria x ananasa Duch.).;Food Chemistry;2008;107;;1629;1635
R211;Pour Nikfardjam, M. S., Márk, L., Avar, P., Figler, M., and Ohmacht, R. ;Polyphenols, anthocyanins, and trans-resveratrol in red wines from the Hungarian villainy region.;Food Chemistry;2006;98;;453;462
R212;Price, K. R., Prosser, T., Richetin, A. M. F., and Rhodes, M. J. C.;"A comparison of the flavonol content and composition of dessert, cooking and cider-making apples; distribution within the fruit and effect of juicing.";Food Chem.;1999;66;;489;494
R213;Price, K. R., Casuscelli, F., Colquhoun, I. J., and Rhodes, M. J. C. ;Composition and content of flavonol glycosides in broccoli florets (Brassica oleracea) and their fate during cooking.;J. Sci. Food Agric.;1998;77;;468;472
R214;Price, K. R., Colquhoun, I. J., Barnes, K. A., and Rhodes, M. J. C. ;Composition and content of flavonol glycosides in green beans and their fate during processing.;J. Agric. Food Chem.;1998;46;;4898;4903
R215;Price, K. R., Rhodes, M. J. C., and Barnes, K. A. ;Flavonol glycoside content and composition of tea infusions made from commercially available teas and tea products.;J. Agric. Food Chem.;1998;46;;2517;2522
R216;Price, K. R., and Rhodes, M. J. C. ;Analysis of the major flavonol glycosides present in four varieties of onion (Allium cepa) and changes in composition resulting from autolysis.;J. Sci. Food Agric.;1997;74;;331;339
R217;Price, K. R., Bacon, J. R., and Rhodes, M. J. C. ;Effect of storage and domestic processing on the content and composition of flavonol glucosides in onion (Allium cepa).;J. Agric. Food Chem.;1997;45;;938;942
R218;Price, W. E. And Spitzer, J. C. ;Variations in the amount of individual flavanols in a range of green teas.;Food Chem.;1993;47;;271;276
R219;Proteggente, A.R., Saija, A., De Pasquale, A., and Rice-Evans, C.A. ;The compositional characterisation and antioxidant activity of fresh juices from Sicilian sweet orange (Citrus sinensis L. Osbeck) varieties;Free Radical Research;2003;37;6;681;687
R220;Pupin A. M., Dennis, M. J., and Toledo, M. C. F. ;Flavanone glycosides in Brazilian orange juice.;Food Chem.;1998;61;;275;280
R221;Puupponen-Pimia, R., Hokkinen, S.T., Aarni, M., Suortti, T., Lampi, A-M., Eurola, M., Piironen, V., Nuutila, A M., and Oksman-Caldentey, K-M.;Blanching and long-term freezing affect various bioactive compounds of vegetables in different ways.;J. Sci. Food Agric.;2003;83;;1389;1402
R222;Pyo, Y-H., Lee, T-C., Logendra, L., and Rosen, R.T. ;Antioxidant activity and phenolic compounds of Swiss chard (Beta vulgaris subspecies cycla) extracts.;Food Chemistry;2004;85;;19;26
R223;Quettier-Eleu, C., Gressier, B., Vasseur, J., Dine, T., Brunet, C., Luyckx, M., Cazin M., Cazin, J-C., Bailleul, F., and Trotin, F. ;Phenolic compounds and antioxidant activities of buckwheat (Fagoppyrum esculentum Moench) hulls and flour.;J. Ethnopharmacol.;2000;72;;35;42
R224;Raffo, A., Leonardi, C., Fogliano, V., Ambrosino, P., Salucci, M., Gennaro, L., Buglianesi, R., Giuffrida, F., and Quaglia, G. ;Nutritional value of cherry tomatoes (Lycopersicon esculentum Cv. Naomi F1) harvested at different ripening stages.;J. Agric. Food Chem.;2002;50;22;6550;6556
R225;Rechner, A.R., Wagner, E., Van Buren, L., Van de Put, F., Wiseman, S., and Rice-Evans, C.A.;Black tea represents a major source of dietary phenolics among regular tea drinkers.;Free Radic. Res.;2002;36;10;1127;1135
R226;Řehová, L., Škeřiková, V., and Jandera, P. ;Optimisation of gradient HPLC analysis of phenolic compounds and flavonoids in beer using a CoulArray detector.;J. Sep. Sci.;2004;27;;1345;1359
R227;Reto, M., Figueira, M. E., Filipe, H. M., and Almeida, C. M. M.;Chemical composition of green tea (Camellia sinensis) infusions commercialized in Portugal.;Plant Foods Hum Nutr.;2007;62;;139;144
R228;Revilla, E., Ryan, J-M., and Martin-Ortega, G.;Comparison of several procedures used for the extraction of anthocyanins from red grapes.;J. Agric. Food Chem.;1998;46;11;4592;4597
R229;Revilla, E. ;Analysis of flavonol aglycones in wine extracts by high performance liquid chromatography.;Chromatographia;1986;22;;1;6
R230;Ribani, H. F., Huber, L. S., and Ridriguez-Amaya, D. B.;Flavonols in fresh and processed Brazilian fruits.;J. Food Comp. Anal.;2009;22;;263;268
R231;Rodriguez-Delgado, M.-A., Gonzalez-Hernandez, G., Conde-Gonzalez, J.-E., and Perez-Trujillo, J.-P.;Principal component analysis of the polyphenol content in young red wines.;Food Chem.;2002;78;4;523;532
R232;Rodríguez-Delgado, M. A., Malovaná, S., Pérez, J. P., and Borges, T. ;Separation of phenolic compounds by high-performance liquid chromatography with absorbance and fluorimetric detection;J. Chromatogr. A;2001;912;;249;257
R233;Rodríguez-Delgado, M. A., Pérez, M. L., Corbella, R., González, G., García Montelongo, F. J.;Optimization of the separation of phenolic compounds by micellar electokinetic capillary chromatography;J. Chromatogr. A;2000;871;;427;48
R234;Romani, A., Vignolini, P., Galardi, C., Mulinacci, N., Benedettelli, s., and Heimler, D.;Germplasm characterization of Zolfino Landraces (Phaseolus vulgaris L.) by flavonoid content;J. Agric. Food Chem.;2004;52;;3838;3842
R235;Rusak, G., Komes, D., Likić, S., Horžić, D., and Kovač, M.;Phenolic content and antioxidative capacity of green and white tea extracts depending on extraction conditions and the solvent used.;Food Chemistry;2008;110;;852;858
R236;Rouseff, R. L. ;Liquid chromatographic determination of naringin and neohesperidin as a detector of grapefruit juice in orange juice;J. Assoc. Off. Anal. Chem.;1988;71;;798;802
R237;Rouseff, R. L., Barros, S. M., Dougherty, M. H., and Martin, S. F.;A survey of quality factors found in florida canned single-strength grapefruit juice from the 1977-78, 1978-79, and 1979-80 seasons;Proc. Fla. State Hort. Soc.;1980;93;;286;289
R238;Sakakibara, H., Honda, Y., Nakagawa, S., Ashida, H., and Kanazawa, K. ;Simultaneous determination of all polyphenols in vegetables, fruits, and teas;J. Agric. Food Chem.;2003;51;3;571;581
R239;Sampson, L., Rimm, E., Hollman, P.C.H., de Vries, J.H.M., and Katan, M.B. ;Flavonol and flavone intakes in US health professionals;J. Am. Diet. Assoc.;2002;102;10;1414;1420
R240;San, B. and Yildirim, A. N.;Phenolic, alpha-tocopherol, beta-carotene and fatty acid composition of four promising jujube (Zizipus jujube Miller) selections;J. Food Comp. Anal.;2010;23;;706;710
R241;Sanchez-Moreno, C., Plaza, L., de Ancos, B., and Cano., M.P. ;Quantitative bioactive compounds assessment and their relative contribution to the antioxidant capacity of commercial orange juices.;J. Sci. Food Agric.;2003;83;5;430;439
R242;Sanchez-Moreno, C., Plaza, L., de Ancos, B., and Cano., M.P. ;Effect of high-pressure processing on health-promoting attributes of freshly squeezed orange juice (Citrus sinensis L.) during chilled storage.;Eur. Food Res. Technol.;2003;216;;18;22
R243;Sanchez-Moreno, C., Cao, G., Ou, B., and Prior, R.L. ;Anthocyanin and proanthocyanin content in selected white and red wines.  Oxygen radical absorbance capacity comparison with nontraditional wines obtained from highbush blueberry.;J. Agric. Food Chem.;2003;51;;4889;4896
R244;Schauss, A. G., Wu, X., Prior, R. L., Ou, B., Patel, D., Huang, D., and Kababick, J. P. ;Phytochemical and nutrient composition of the freeze-dried Amazonian palm berry, Euterpe oleracea Mart. (Acai).;J. Agric. Food Chem.;2006;54;;8598;8603
R245;Schieber, A., Keller, P., Carle, R. ;Determination of phenolic acids and flavonoids of apple and pear by high-performance liquid chromatography;J. Chromatogr. A;2001;910;;265;273
R246;Schutz, K., Kammerer, D., Carle, R., and Schieber, A.;Identification and quantification of caffeoylquinic acids and flavonoids from artichoke (Cynara scolymus L.) heads, juice and pomace by HPLC-DAD-ESI/MSn;J. Agric. Food Chem.;2004;52;;4090;4096
R247;Sellappan, S., Akoh, C.C., and Krewer, G. ;Phenolic compounds and antioxidant capacity of Georgia-grown blueberries and blackberries.;J. Agric. Food Chem.;2002;50;8;2432;2438
R248;Sellappan, s. and Akoh, C.;Flavonoids and antioxidant capacity of Georgia-grown Vidalia onions;J. Agric. Food Chem.;2002;50;;5338;5342
R249;Shao, W. Powell, C., and Clifford, M. N. ;The analysis by HPLC of green, black and pu’er teas produced in Yunnan.;J. Sci. Food Agric.;1995;69;;535;540
R250;Shishikura, Y. and Khokar, S. ;Factors affecting the levels of catechins and caffeine in tea beverage: estimated daily intakes and antioxidant activity.;J. Sci. Food Agric.;2005;85;;2125;2133
R251;Simonetti, P., Piétta, P., and Testolin, G. ;Polyphenol content and total antioxidant potential of selected Italian wines;J. Agric. Food Chem.;1997;45;;1152;1155
R252;Šimunić, V., kOVAč, s., gAšO-sOKAč, d., Pfannhauser, W., and Murkovic, M. ;Determination of anthocyanins in four Croatian cultivars of sour cherries (Prunus cerasus).;Eur Food Res Technol;2005;220;;575;578
R253;Skegret, M. Kotnik, P., Hadolin, M., Hraš, A.R., Simonic, M., and Knez, Z. ;Phenols, proanthocyanidins, flavones, and flavonols in some plant materials and their antioxidant activities.;Food Chemistry;2005;89;;191;198
R254;Slimestad, R., Vangdal, E., and Brede, C. ;Analysis of phenolic compounds in six Norwegian plum cultivars (Prunus domestica L.).;J. Agric. Food Chem.;2009;57;;11370;11375
R255;Slimestad, R., Toskangerpoll, K., Nateland, H.S., Johannessen, T., and Giske, N.H.;Flavonoids from black chokeberries, Aronia melanocarpa.;J. Food Comp. Anal;2005;18;;61;68
R256;Spanos, G.A. and Wrolstad, R.E. ;Influence of processing and storage on the phenolic composition of Thompson seedless grape juice.;J. Agric. Food Chem.;1990;38;7;1565;1571
R257;Spanos, G.A., Wrolstad, R.E., and Heatherbell, D.A. ;Influence of processing and storage on the phenolic composition of apple juice.;J. Agric. Food Chem.;1990;38;7;1572;1579
R258;Steadman, K. J., Burgoon, M.S., Lewis, B.A., Edwardson, S., and Obendorf,    R.L. ;Minerals, phytic acid, tannin and rutin in buckwheat seed milling fractions.;J. Sci. Food Agric.;2001;81;;1094;1100
R259;Steinhaus, B., and Engelhardt, U. H. ;Theaflavins in black tea.;Z Lebensm Unters Forsch;1989;188;;509;511
R260;Stewart, A. J., Bozonnet, S., Mullen, W., Jenkins, G., Lean, M. E. J., and Crozier, A.;Occurrence of flavonols in tomatoes and tomato-based procucts.;J. Agric. Food Chem.;2000;48;;2663;2669
R261;Suárez, B., Picinelli, A., Mangas, J. J. ;Solid-phase extraction and high-performance liquid chromatographic determination of polyphenols in apple musts and ciders.;J. Chronmatogr. A;1996;727;;203;209
R262;Tarola, A. M., Milano, F., and Giannetti, V.;Simultaneous determination of phenolic compounds in red wines by HPLC.;Analytical Letters;2007;40;;2433;2445
R263;Teissedre, P-L., and Landrault, N. ;Wine phenolics: contribution to dietary intake and bioavailability.;Food Res. Int.;2000;33;;461;467
R264;Tomas-Barberan, F.A., Gil, M.I., Cremin, P., Waterhouse, A.L., Hess-Pierce, B., and Kader, A.A. ;HPLC-DAD-ESIMS analysis of phenolic compounds in nectarines, peaches, and plums.;J. Agric. Food Chem.;2001;49;;4748;4760
R265;Tomás-Lorente, F., García-Viguera, C., Ferreres, F., and Tomás-Barberán, F. ;Phenolic compounds analysis in the determination of fruit jam genuineness.;J. Agric. Food Chem.;1992;40;;1800;1804
R266;Toyoda, M., Tanaka, K., Hoshino, K., Akiyama, H., Tanimura, A., and Saito, Y.;Profiles of potentially antiallergic flavonoids in 27 kinds of health tea and green tea infusions.;J. Agric. Food Chem.;199;45;;2561;2564
R267;Trichopoulou, A., Vasilopoulou, E., Hollman, P., Chamalides, Ch., Foufa, E.,Kaloudis,Tr., Kromhout, D., Miskaki, Ph., Petrochilou, I., Poulima, E., Stafilakis, K., and Theophilou, D. ;Nutritional composition and flavonoid content of edible wild greens and green pies: a potential rich source of antioxidant nutrients in the Mediterranean diet.;Food Chem.;2000;70;;319;323
R268;Tsanova-Savova, S., and Ribarova, F. ;Free and conjugated myricetin, quercetin, and kaempferol in Bulgarian red wines.;J. Food Comp. Anal;2002;15;;639;645
R269;Tsanova-Savova, S., Ribarova, F., and Gerova, M. ;(+)-Catechin and (-)-Epicatechin in Bulgarian fruits.;J. Food Comp. Anal.;2005;18;;691;698
R270;Tsao, R., Yang, R., Young, J.C., and Zhu, H. T ;Polyphenolic profiles in eight apple cultivars using high-performance liquid chromatography (HPLC).;J. Agric. Food Chem.;2003;51;;6347;6353
R271;Tsushida T., and Suzuki, M. ;Content of flavonol glucosides and some properties of enzymes metabolizing the glucosides in onion.;J. Jap. Soc. Food Sci. Technol.;1996;43;;642;649
R272;Unilever Bestfoods, North America.;Summary Flavonoid Content of Teas in the U.S. Market.;Unpublished Data;2002;;;;
R273;Usenik, V., Štampar, F., and Veberič, R.;Anthocyanins and fruit color in plums (Prunus domestica L.) during ripening.;Food Chemistry;2009;114;;529;534
R274;Usenik, V., Fabčič, J., and Štampar, F. ;Sugars, organic acids, phenolic composition and antioxidant activity of sweet cherry (Prunus avium L.).;Food Chemistry;2008;107;;185;192
R275;Valles, B.S., Santamaria Victorero, J., Mangas Alonso, J.J., and Blanco Gomis, D.;High-performance liquid chromatography of the neutral phenolic compounds of low molecular weight in apple juice.;J. Agric. Food Chem.;1994;42;;2732;2736
R276;Valavanidis, A., Vlachogianni, T., Psomas, A., Zovoili, A., and Siatis, V. ;Polyphenolic profile and antioxidant activity of five apple cultivars grown under organic and conventional agricultural practices.;Int. J. Food Sci. Technol.;2009;144;;1167;1175
R277;Vanamala, J., Reddivari, L., Yoo, K. S., Pike, L. M., and Patil, B. S.;Variation in the content of bioactive flavonoids in different brands of orange and grapefruit juices.;J. Food Comp. Anal.;2006;19;;157;166
R278;Vandercook, C. E., and Tisserat, B. ;Flavonoid changes in developing lemons grown in vivo and in vitro.;Phytochemistry;1989;28;;799;803
R279;van der Sluis, A.A., Dekker, M., de Jager, A., and Jongen, W.M.F.;Activity and concentration of polyphenolic antioxidants in apple: Effect of cultivar, harvest year, and storage conditions.;J. Agric. Food Chem.;2001;49;8;3606;3613
R280;Veberic, R., Jakopic, J., Stampar, F., and Schmitzer, V.;European elderberry (Sambucus nigra L.) rich in sugars, organic acids, anthocyanins and selected polyphenols.;Food Chemistry;2009;114;;511;515
R281;Veberic, R., Colaric, M., and Stampar, F. ;Phenolic acids and flavonoids of fig fruit (Ficus carica L.) in the northern Mediterranean region.;Food Chemistry;2008;106;;153;157
R282;Velioglu, Y. S., Ekici, L., and Poyrazoglu, E. S. ;Phenolic composition of European cranberrybush (Viburnum opulus L.) berries and astringency removal of its commercial juice.;Int. J. Food Sci. Technol.;2006;41;;1011;1015
R283;Vrhovsek, U., Rigo, A., Tonon, D., and Mattivi, F. ;Quantitation of polyphenols in different apple varieties.;J. Agric. Food Chem.;2004;52;;6532;6538
R284;Vuorinen, H., Määttä, Törrönen, R. ;Content of the flavonols Myricetin, Quercetin, and Kaempferol in Finnish berry wines.;J. Agric. Food Chem.;2000;48;;2675;2680
R285;Wang, S. Y., Chen, H., Camp, M. J., and Ehlenfeldt, M. K.;Flavonoid constituents and their contribution to antioxidant activity in cultivars and hybrids of rabbiteye blueberry (Vaccinium ashei Reade). ;Food Chemistry;2012;132;;855;864
R286;Wang, C. Y., Wang, S. Y., and Chen, C. ;Increasing antioxidant activity and reducing decay of blueberries by essential oils.;J. Agric. Food Chem.;2008;56;;3587;3592
R287;Wang, S. Y., Chen, C., Sciarappa, W., Wang, C. Y., and Camp, M.;Fruit quality, antioxidant capacity, and flavonoid content of organically grown and conventionally grown blueberries.;J. Agric. Food Chem.;2008;56;;5788;5794
R288;Wang, M., Simon, J.E., Aviles, I.F., He, K., Zheng, Q-Y., Tadmor, Y.;Analysis of antioxidative phenolic compounds in artichoke (Cynara scolymus L.).;J. Agric. Food Chem.;2003;51;;601;608
R289;Wang, S.Y., and Lin, H-S.;Compost as a soil supplement increases the level of antioxidant compounds and oxygen radical absorbance capacity in strawberries;J. Agric. Food Chem.;2003;51;;6844;6850
R290;Wang, S.Y., Zheng, W., and Galleta, G. ;Cultural system affects fruit quality and antioxidant capacity in strawberries.;J. Agric. Food Chem.;2002;50;;6534;6542
R291;Wang, H. F., Helliwell, K. ;Determination of flavonols in green and black tea leaves and green tea infusions by high-performance liquid chromatography.;Food Res. Int.;2001;34;;223;227
R292;Wang, H., Nair. M. G., Iezzoni, A. F., Strasburg, G. M., Booren, A. M., and Gray, I.;Quantification and characterization of anthocyanins in Balaton tart cherries.;J. Agric. Food Chem.;1997;45;;2556;2560
R293;Will, F., Hilsendegen, P., Bonerz, D., Patz, C-D., and Dietrich, H.;Analytical composition of fruit juices from different sour cherry cultivars.;J. Appl. Bot. Food Qual.;2005;79;;12;16
R294;Wu, X., Beecher, G. R., Holden, J. M., Haytowitz, D. B., Gebhardt, S. E., and Prior, R. L.;Concentrations of anthocyanins in common foods in the United States and estimation of normal consumption. ;J. Agric. Food Chem.;2006;54;;4069;4075
R295;Wu, X., Gu, L., Prior, R. L., and McKay, S. ;Characterization of anthocyanins and proanthocyanidins in some cultivars of Ribes, Aronis, and Sambucus and their antioxidant capacity;J. Agric. Food Chem.;2004;52;;7846;7856
R296;Yamada, K., Naemura, A., Sawashita, N., Noguchi, Y., and Yamamoto, J. ;An onion variety has natural antithrombotic effect as assessed by thrombosis/thrombolysis models in rodents.;Thrombosis Res.;2004;114;;213;220
R297;Yang, B., Halttunen, T., Raimo, O., Price, K., and Kallio, H.;Flavonol glycosides in wild and cultivated berries of three major subspecies of Hippophaë rhamnosides and changes during harvesting period.;Food Chemistry;2009;115;;657;664
R298;Yao, L., Jiang, Y., Singanusong, R., D’Arcy, B., Datta. N., Caffin, N., and Raymont, K. ;Flavonoids in Australian Melaleuca, Guia, Lophostemon, Banksia and Helianthus honeys and their potential for floral authentication.;Food Res. Int.;2004;37;;166;174
R299;Yao, L., Jiang, Y., D’Arcy, B., Singanusong, R., Datta. N., Caffin, N., and Raymont, K. ;Quantitative high-performance liquid chromatography analyses of flavonoids in Australian Eucalyptus honeys.;J. Agric. Food Chem.;2004;52;;210;214
R300;Yilmaz, Y., and Toledo, R.T.;Major flavonoids in grape seeds and skins: Antioxidant capacity of catechin, epicatechin, and gallic acid;J. Agric.Food Chem.;2004;52;;255;260
R301;Yoo, K.M., Lee, K.W., Park, J.B., Lee, H.J., and Hwang, I.K.;Variation in major antioxidants and total antioxidant activity of yuzu (Citrus junos Sieb ex Tanaka) during maturation and between cultivars.;J. Agric. Food Chem;2004;52;;5907;5913
R302;You, Q., Wang, B., Chen, F., Huang, Z., Wang, X., and Luo, P. ;Comparison of anthocyanins and phenolics in organically and conventionally grown blueberries, in selected cultivars;Food Chemistry;2011;125;;201;208
R303;Young, J. E., Zhao, X., Carey, E. E., Welti, R., Yang, S-S., and Wang, W. ;Phytochmical phenolics in organically grown vegetabes;Mol. Nutr. Food Res.;2005;49;;1136;1142
R304;Yusof, S., Ghazali, H. M., and King, G. S. ;Naringin content in local citrus fruits.;Food Chem;1990;37;;113;121
R305;Yousfi, K., Cert, R. M., and Garćia, J. M. ;Changes in quality and phenolic compounds of virgn olive oils during objectively described fruit maturation;Eur. Food Res. Technol.;2006;223;;117;124
R306;Zafrilla, P., Ferreres, F., and Tomas-Barberan, F.A.;Effect of processing and storage on the antioxidant ellagic acid derivatives and flavonoids of red raspberry (Rubus idaeus) jams;J. Agric. Food Chem;2001;49;8;365;3655
R307;Zheng, W. and Wang, S.Y.;Oxygen radical absorbing capacity of phenolics in blueberries, cranberries, chokeberries, and lingonberries;J. Agric. Food Chem.;2003;51;;502;509
R308;Zheng, W. and Wang, S.Y. ;Antioxidant activity and phenolic compounds in selected herbs.;J. Agric. Food Chem.;2001;49;11;5165;5170
